protocol,round,alive_nodes,dead_nodes,total_energy_j,cluster_heads,avg_cluster_size,max_cluster_size,tx_packets_to_base,tx_packets_to_heads
LEACH,1,100,0,49.95430435,6,16.6667,26,6,94
LEACH,2,100,0,49.90821390,3,33.3333,38,3,97
LEACH,3,100,0,49.86257025,6,16.6667,27,6,94
LEACH,4,100,0,49.81912064,8,12.5000,19,8,92
LEACH,5,100,0,49.77516520,8,12.5000,19,8,92
LEACH,6,100,0,49.72989301,5,20.0000,31,5,95
LEACH,7,100,0,49.68380343,3,33.3333,47,3,97
LEACH,8,100,0,49.63781661,3,33.3333,40,3,97
LEACH,9,100,0,49.59307927,4,25.0000,40,4,96
LEACH,10,100,0,49.54770532,6,16.6667,32,6,94
LEACH,11,100,0,49.50088243,5,20.0000,25,5,95
LEACH,12,100,0,49.45618243,5,20.0000,34,5,95
LEACH,13,100,0,49.41076344,5,20.0000,30,5,95
LEACH,14,100,0,49.36641546,7,14.2857,19,7,93
LEACH,15,100,0,49.32042808,6,16.6667,28,6,94
LEACH,16,100,0,49.27044663,2,50.0000,67,2,98
LEACH,17,100,0,49.22358554,5,20.0000,45,5,95
LEACH,18,100,0,49.17591701,2,50.0000,51,2,98
LEACH,19,100,0,49.12929291,4,25.0000,56,4,96
LEACH,20,100,0,49.08461243,7,14.2857,19,7,93
LEACH,21,100,0,49.02809857,1,100.0000,100,1,99
LEACH,22,100,0,48.96554252,1,100.0000,100,1,99
LEACH,23,100,0,48.91557327,1,100.0000,100,1,99
LEACH,24,100,0,48.86459379,1,100.0000,100,1,99
LEACH,25,100,0,48.80577142,1,100.0000,100,1,99
LEACH,26,100,0,48.75980978,3,33.3333,44,3,97
LEACH,27,100,0,48.71393412,3,33.3333,57,3,97
LEACH,28,100,0,48.64916031,1,100.0000,100,1,99
LEACH,29,100,0,48.60451363,4,25.0000,32,4,96
LEACH,30,100,0,48.55913382,4,25.0000,31,4,96
LEACH,31,100,0,48.50941202,3,33.3333,56,3,97
LEACH,32,100,0,48.46465818,5,20.0000,30,5,95
LEACH,33,100,0,48.41894831,6,16.6667,35,6,94
LEACH,34,100,0,48.37190846,4,25.0000,52,4,96
LEACH,35,100,0,48.32378330,5,20.0000,38,5,95
LEACH,36,100,0,48.27872864,8,12.5000,31,8,92
LEACH,37,100,0,48.23400750,6,16.6667,28,6,94
LEACH,38,100,0,48.18999542,12,8.3333,17,12,88
LEACH,39,100,0,48.14571952,17,5.8824,12,17,83
LEACH,40,100,0,48.10005491,14,7.1429,14,14,86
LEACH,41,100,0,48.04667755,1,100.0000,100,1,99
LEACH,42,100,0,47.98758774,1,100.0000,100,1,99
LEACH,43,100,0,47.93769552,1,100.0000,100,1,99
LEACH,44,100,0,47.88640655,1,100.0000,100,1,99
LEACH,45,100,0,47.83151461,1,100.0000,100,1,99
LEACH,46,100,0,47.77717824,1,100.0000,100,1,99
LEACH,47,100,0,47.72373516,1,100.0000,100,1,99
LEACH,48,100,0,47.67197098,1,100.0000,100,1,99
LEACH,49,100,0,47.62319113,2,50.0000,66,2,98
LEACH,50,100,0,47.56850848,1,100.0000,100,1,99
LEACH,51,100,0,47.51701677,1,100.0000,100,1,99
LEACH,52,100,0,47.47236543,5,20.0000,36,5,95
LEACH,53,100,0,47.42538471,4,25.0000,33,4,96
LEACH,54,100,0,47.37222709,1,100.0000,100,1,99
LEACH,55,100,0,47.32715300,4,25.0000,40,4,96
LEACH,56,100,0,47.28201050,6,16.6667,38,6,94
LEACH,57,100,0,47.23759774,6,16.6667,28,6,94
LEACH,58,100,0,47.19301087,11,9.0909,16,11,89
LEACH,59,100,0,47.14731329,20,5.0000,10,20,80
LEACH,60,100,0,47.09933540,31,3.2258,7,31,69
LEACH,61,100,0,47.04480039,1,100.0000,100,1,99
LEACH,62,100,0,46.98096938,1,100.0000,100,1,99
LEACH,63,100,0,46.92968041,1,100.0000,100,1,99
LEACH,64,100,0,46.87978819,1,100.0000,100,1,99
LEACH,65,100,0,46.82344386,1,100.0000,100,1,99
LEACH,66,100,0,46.76855192,1,100.0000,100,1,99
LEACH,67,100,0,46.71510885,1,100.0000,100,1,99
LEACH,68,100,0,46.65947457,1,100.0000,100,1,99
LEACH,69,100,0,46.60229537,1,100.0000,100,1,99
LEACH,70,100,0,46.54001109,1,100.0000,100,1,99
LEACH,71,100,0,46.47601851,1,100.0000,100,1,99
LEACH,72,100,0,46.42452681,1,100.0000,100,1,99
LEACH,73,100,0,46.36570444,1,100.0000,100,1,99
LEACH,74,100,0,46.31136806,1,100.0000,100,1,99
LEACH,75,100,0,46.26291696,2,50.0000,60,2,98
LEACH,76,100,0,46.21769641,8,12.5000,22,8,92
LEACH,77,100,0,46.17295676,6,16.6667,23,6,94
LEACH,78,100,0,46.12752368,5,20.0000,37,5,95
LEACH,79,100,0,46.08322514,22,4.5455,10,22,78
LEACH,80,100,0,46.03544487,43,2.3256,7,43,57
LEACH,81,100,0,45.98701321,1,100.0000,100,1,99
LEACH,82,100,0,45.93401078,1,100.0000,100,1,99
LEACH,83,100,0,45.87382115,1,100.0000,100,1,99
LEACH,84,100,0,45.82336595,1,100.0000,100,1,99
LEACH,85,100,0,45.77347372,1,100.0000,100,1,99
LEACH,86,100,0,45.72009636,1,100.0000,100,1,99
LEACH,87,100,0,45.66703876,1,100.0000,100,1,99
LEACH,88,100,0,45.61580394,3,33.3333,68,3,97
LEACH,89,100,0,45.55398850,1,100.0000,100,1,99
LEACH,90,100,0,45.49015748,1,100.0000,100,1,99
LEACH,91,100,0,45.43562247,1,100.0000,100,1,99
LEACH,92,100,0,45.38917356,3,33.3333,40,3,97
LEACH,93,100,0,45.34202756,2,50.0000,54,2,98
LEACH,94,100,0,45.29157236,1,100.0000,100,1,99
LEACH,95,100,0,45.22757978,1,100.0000,100,1,99
LEACH,96,100,0,45.16724539,1,100.0000,100,1,99
LEACH,97,100,0,45.12224318,4,25.0000,52,4,96
LEACH,98,100,0,45.07752045,6,16.6667,20,6,94
LEACH,99,100,0,45.03134782,18,5.5556,23,18,82
LEACH,100,100,0,44.98409798,53,1.8868,5,53,47
